,Compound,Date,Negative,Neutral,Positive,Tweet_Count,User
0,0.0,Fri Mar 23 10:30:10 +0000 2018,1.0,0.0,0.0,99,@BBCWorld
1,-0.4019,Fri Mar 23 10:30:10 +0000 2018,0.722,0.278,0.0,98,@BBCWorld
2,-0.3818,Fri Mar 23 10:30:10 +0000 2018,0.658,0.342,0.0,97,@BBCWorld
3,0.0,Fri Mar 23 10:30:10 +0000 2018,1.0,0.0,0.0,96,@BBCWorld
4,0.0,Fri Mar 23 10:30:10 +0000 2018,1.0,0.0,0.0,95,@BBCWorld
5,0.0,Fri Mar 23 10:30:10 +0000 2018,1.0,0.0,0.0,94,@BBCWorld
6,0.0,Fri Mar 23 10:30:10 +0000 2018,1.0,0.0,0.0,93,@BBCWorld
7,0.0,Fri Mar 23 10:30:10 +0000 2018,1.0,0.0,0.0,92,@BBCWorld
8,-0.5994,Fri Mar 23 10:30:10 +0000 2018,0.698,0.302,0.0,91,@BBCWorld
9,0.0,Fri Mar 23 10:30:10 +0000 2018,1.0,0.0,0.0,90,@BBCWorld
10,-0.8271,Fri Mar 23 10:30:10 +0000 2018,0.749,0.251,0.0,89,@BBCWorld
11,-0.5994,Fri Mar 23 10:30:10 +0000 2018,0.766,0.234,0.0,88,@BBCWorld
12,-0.3612,Fri Mar 23 10:30:10 +0000 2018,0.762,0.238,0.0,87,@BBCWorld
13,-0.7783,Fri Mar 23 10:30:10 +0000 2018,0.424,0.576,0.0,86,@BBCWorld
14,-0.8316,Fri Mar 23 10:30:10 +0000 2018,0.506,0.494,0.0,85,@BBCWorld
15,-0.4939,Fri Mar 23 10:30:10 +0000 2018,0.738,0.262,0.0,84,@BBCWorld
16,0.0,Fri Mar 23 10:30:10 +0000 2018,1.0,0.0,0.0,83,@BBCWorld
17,0.0,Fri Mar 23 10:30:10 +0000 2018,1.0,0.0,0.0,82,@BBCWorld
18,0.0,Fri Mar 23 10:30:10 +0000 2018,1.0,0.0,0.0,81,@BBCWorld
19,-0.5719,Fri Mar 23 10:30:10 +0000 2018,0.684,0.316,0.0,80,@BBCWorld
20,-0.4939,Fri Mar 23 10:30:10 +0000 2018,0.714,0.286,0.0,79,@BBCWorld
21,0.0,Fri Mar 23 10:30:10 +0000 2018,1.0,0.0,0.0,78,@BBCWorld
22,-0.7579,Fri Mar 23 10:30:10 +0000 2018,0.48,0.52,0.0,77,@BBCWorld
23,-0.34,Fri Mar 23 10:30:10 +0000 2018,0.888,0.112,0.0,76,@BBCWorld
24,-0.3182,Fri Mar 23 10:30:10 +0000 2018,0.68,0.32,0.0,75,@BBCWorld
25,-0.4588,Fri Mar 23 10:30:10 +0000 2018,0.727,0.273,0.0,74,@BBCWorld
26,-0.8176,Fri Mar 23 10:30:10 +0000 2018,0.727,0.273,0.0,73,@BBCWorld
27,-0.5574,Fri Mar 23 10:30:10 +0000 2018,0.66,0.34,0.0,72,@BBCWorld
28,0.0,Fri Mar 23 10:30:10 +0000 2018,1.0,0.0,0.0,71,@BBCWorld
29,0.0,Fri Mar 23 10:30:10 +0000 2018,1.0,0.0,0.0,70,@BBCWorld
30,0.0,Fri Mar 23 10:30:10 +0000 2018,1.0,0.0,0.0,69,@BBCWorld
31,0.5994,Fri Mar 23 10:30:10 +0000 2018,0.837,0.0,0.163,68,@BBCWorld
32,-0.3182,Fri Mar 23 10:30:10 +0000 2018,0.901,0.099,0.0,67,@BBCWorld
33,0.0,Fri Mar 23 10:30:10 +0000 2018,1.0,0.0,0.0,66,@BBCWorld
34,-0.55,Fri Mar 23 10:30:10 +0000 2018,0.669,0.245,0.086,65,@BBCWorld
35,0.34,Fri Mar 23 10:30:10 +0000 2018,0.789,0.0,0.211,64,@BBCWorld
36,-0.2263,Fri Mar 23 10:30:10 +0000 2018,0.826,0.174,0.0,63,@BBCWorld
37,0.3182,Fri Mar 23 10:30:10 +0000 2018,0.813,0.0,0.187,62,@BBCWorld
38,-0.296,Fri Mar 23 10:30:10 +0000 2018,0.784,0.216,0.0,61,@BBCWorld
39,0.0,Fri Mar 23 10:30:10 +0000 2018,0.473,0.297,0.23,60,@BBCWorld
40,0.0,Fri Mar 23 10:30:10 +0000 2018,1.0,0.0,0.0,59,@BBCWorld
41,0.2263,Fri Mar 23 10:30:10 +0000 2018,0.84,0.0,0.16,58,@BBCWorld
42,0.5994,Fri Mar 23 10:30:10 +0000 2018,0.795,0.0,0.205,57,@BBCWorld
43,-0.5994,Fri Mar 23 10:30:10 +0000 2018,0.642,0.358,0.0,56,@BBCWorld
44,0.0,Fri Mar 23 10:30:10 +0000 2018,1.0,0.0,0.0,55,@BBCWorld
45,0.0,Fri Mar 23 10:30:10 +0000 2018,1.0,0.0,0.0,54,@BBCWorld
46,0.0,Fri Mar 23 10:30:10 +0000 2018,1.0,0.0,0.0,53,@BBCWorld
47,0.0,Fri Mar 23 10:30:10 +0000 2018,1.0,0.0,0.0,52,@BBCWorld
48,-0.7964,Fri Mar 23 10:30:10 +0000 2018,0.464,0.536,0.0,51,@BBCWorld
49,0.4588,Fri Mar 23 10:30:10 +0000 2018,0.75,0.0,0.25,50,@BBCWorld
50,0.0,Fri Mar 23 10:30:10 +0000 2018,1.0,0.0,0.0,49,@BBCWorld
51,-0.34,Fri Mar 23 10:30:10 +0000 2018,0.769,0.231,0.0,48,@BBCWorld
52,0.1779,Fri Mar 23 10:30:10 +0000 2018,0.746,0.0,0.254,47,@BBCWorld
53,0.0,Fri Mar 23 10:30:10 +0000 2018,1.0,0.0,0.0,46,@BBCWorld
54,0.0,Fri Mar 23 10:30:10 +0000 2018,1.0,0.0,0.0,45,@BBCWorld
55,-0.6908,Fri Mar 23 10:30:10 +0000 2018,0.513,0.487,0.0,44,@BBCWorld
56,0.0,Fri Mar 23 10:30:10 +0000 2018,1.0,0.0,0.0,43,@BBCWorld
57,-0.6705,Fri Mar 23 10:30:10 +0000 2018,0.776,0.224,0.0,42,@BBCWorld
58,0.25,Fri Mar 23 10:30:10 +0000 2018,0.755,0.099,0.146,41,@BBCWorld
59,0.128,Fri Mar 23 10:30:10 +0000 2018,0.842,0.0,0.158,40,@BBCWorld
60,0.0,Fri Mar 23 10:30:10 +0000 2018,1.0,0.0,0.0,39,@BBCWorld
61,0.4973,Fri Mar 23 10:30:10 +0000 2018,0.624,0.0,0.376,38,@BBCWorld
62,0.0,Fri Mar 23 10:30:10 +0000 2018,1.0,0.0,0.0,37,@BBCWorld
63,0.5106,Fri Mar 23 10:30:10 +0000 2018,0.602,0.0,0.398,36,@BBCWorld
64,0.0,Fri Mar 23 10:30:10 +0000 2018,1.0,0.0,0.0,35,@BBCWorld
65,0.0,Fri Mar 23 10:30:10 +0000 2018,1.0,0.0,0.0,34,@BBCWorld
66,0.34,Fri Mar 23 10:30:10 +0000 2018,0.893,0.0,0.107,33,@BBCWorld
67,-0.5423,Fri Mar 23 10:30:10 +0000 2018,0.72,0.28,0.0,32,@BBCWorld
68,0.0,Fri Mar 23 10:30:10 +0000 2018,1.0,0.0,0.0,31,@BBCWorld
69,-0.128,Fri Mar 23 10:30:10 +0000 2018,0.631,0.207,0.162,30,@BBCWorld
70,0.0,Fri Mar 23 10:30:10 +0000 2018,1.0,0.0,0.0,29,@BBCWorld
71,0.0,Fri Mar 23 10:30:10 +0000 2018,1.0,0.0,0.0,28,@BBCWorld
72,-0.6705,Fri Mar 23 10:30:10 +0000 2018,0.539,0.29,0.172,27,@BBCWorld
73,0.1779,Fri Mar 23 10:30:10 +0000 2018,0.519,0.215,0.267,26,@BBCWorld
74,-0.5106,Fri Mar 23 10:30:10 +0000 2018,0.752,0.248,0.0,25,@BBCWorld
75,-0.7184,Fri Mar 23 10:30:10 +0000 2018,0.5,0.5,0.0,24,@BBCWorld
76,0.0,Fri Mar 23 10:30:10 +0000 2018,1.0,0.0,0.0,23,@BBCWorld
77,0.0,Fri Mar 23 10:30:10 +0000 2018,1.0,0.0,0.0,22,@BBCWorld
78,0.0,Fri Mar 23 10:30:10 +0000 2018,1.0,0.0,0.0,21,@BBCWorld
79,-0.6249,Fri Mar 23 10:30:10 +0000 2018,0.746,0.254,0.0,20,@BBCWorld
80,-0.1531,Fri Mar 23 10:30:10 +0000 2018,0.833,0.167,0.0,19,@BBCWorld
81,0.0,Fri Mar 23 10:30:10 +0000 2018,1.0,0.0,0.0,18,@BBCWorld
82,0.4854,Fri Mar 23 10:30:10 +0000 2018,0.813,0.0,0.187,17,@BBCWorld
83,-0.3182,Fri Mar 23 10:30:10 +0000 2018,0.753,0.247,0.0,16,@BBCWorld
84,0.2263,Fri Mar 23 10:30:10 +0000 2018,0.808,0.0,0.192,15,@BBCWorld
85,-0.1779,Fri Mar 23 10:30:10 +0000 2018,0.743,0.141,0.115,14,@BBCWorld
86,-0.296,Fri Mar 23 10:30:10 +0000 2018,0.833,0.167,0.0,13,@BBCWorld
87,0.3818,Fri Mar 23 10:30:10 +0000 2018,0.776,0.0,0.224,12,@BBCWorld
88,-0.6908,Fri Mar 23 10:30:10 +0000 2018,0.584,0.416,0.0,11,@BBCWorld
89,0.0,Fri Mar 23 10:30:10 +0000 2018,1.0,0.0,0.0,10,@BBCWorld
90,-0.4549,Fri Mar 23 10:30:10 +0000 2018,0.729,0.271,0.0,9,@BBCWorld
91,-0.836,Fri Mar 23 10:30:10 +0000 2018,0.47,0.53,0.0,8,@BBCWorld
92,0.0,Fri Mar 23 10:30:10 +0000 2018,1.0,0.0,0.0,7,@BBCWorld
93,0.0,Fri Mar 23 10:30:10 +0000 2018,1.0,0.0,0.0,6,@BBCWorld
94,-0.836,Fri Mar 23 10:30:10 +0000 2018,0.47,0.53,0.0,5,@BBCWorld
95,0.0,Fri Mar 23 10:30:10 +0000 2018,1.0,0.0,0.0,4,@BBCWorld
96,-0.6249,Fri Mar 23 10:30:10 +0000 2018,0.638,0.362,0.0,3,@BBCWorld
97,-0.5859,Fri Mar 23 10:30:10 +0000 2018,0.676,0.324,0.0,2,@BBCWorld
98,0.0,Fri Mar 23 10:30:10 +0000 2018,1.0,0.0,0.0,1,@BBCWorld
99,-0.34,Fri Mar 23 10:30:10 +0000 2018,0.769,0.231,0.0,0,@BBCWorld
100,0.6908,Fri Mar 23 10:30:10 +0000 2018,0.481,0.107,0.412,99,@CBSNews
101,-0.4767,Fri Mar 23 10:30:10 +0000 2018,0.763,0.237,0.0,98,@CBSNews
102,0.0,Fri Mar 23 10:30:10 +0000 2018,1.0,0.0,0.0,97,@CBSNews
103,0.0,Fri Mar 23 10:30:10 +0000 2018,1.0,0.0,0.0,96,@CBSNews
104,0.34,Fri Mar 23 10:30:10 +0000 2018,0.882,0.0,0.118,95,@CBSNews
105,-0.7906,Fri Mar 23 10:30:10 +0000 2018,0.588,0.412,0.0,94,@CBSNews
106,0.4215,Fri Mar 23 10:30:10 +0000 2018,0.823,0.0,0.177,93,@CBSNews
107,-0.3818,Fri Mar 23 10:30:10 +0000 2018,0.676,0.198,0.126,92,@CBSNews
108,0.296,Fri Mar 23 10:30:10 +0000 2018,0.855,0.0,0.145,91,@CBSNews
109,0.4019,Fri Mar 23 10:30:10 +0000 2018,0.856,0.0,0.144,90,@CBSNews
110,-0.4404,Fri Mar 23 10:30:10 +0000 2018,0.828,0.172,0.0,89,@CBSNews
111,-0.7003,Fri Mar 23 10:30:10 +0000 2018,0.691,0.309,0.0,88,@CBSNews
112,-0.4767,Fri Mar 23 10:30:10 +0000 2018,0.795,0.205,0.0,87,@CBSNews
113,-0.8658,Fri Mar 23 10:30:10 +0000 2018,0.507,0.493,0.0,86,@CBSNews
114,-0.5574,Fri Mar 23 10:30:10 +0000 2018,0.795,0.205,0.0,85,@CBSNews
115,-0.6908,Fri Mar 23 10:30:10 +0000 2018,0.749,0.251,0.0,84,@CBSNews
116,0.0772,Fri Mar 23 10:30:10 +0000 2018,0.902,0.0,0.098,83,@CBSNews
117,0.4215,Fri Mar 23 10:30:10 +0000 2018,0.859,0.0,0.141,82,@CBSNews
118,0.3182,Fri Mar 23 10:30:10 +0000 2018,0.777,0.078,0.145,81,@CBSNews
119,0.0,Fri Mar 23 10:30:10 +0000 2018,1.0,0.0,0.0,80,@CBSNews
120,-0.6908,Fri Mar 23 10:30:10 +0000 2018,0.737,0.263,0.0,79,@CBSNews
121,0.0,Fri Mar 23 10:30:10 +0000 2018,1.0,0.0,0.0,78,@CBSNews
122,-0.2263,Fri Mar 23 10:30:10 +0000 2018,0.905,0.095,0.0,77,@CBSNews
123,-0.1655,Fri Mar 23 10:30:10 +0000 2018,0.924,0.076,0.0,76,@CBSNews
124,-0.2732,Fri Mar 23 10:30:10 +0000 2018,0.751,0.146,0.103,75,@CBSNews
125,-0.4767,Fri Mar 23 10:30:10 +0000 2018,0.612,0.257,0.131,74,@CBSNews
126,-0.2263,Fri Mar 23 10:30:10 +0000 2018,0.905,0.095,0.0,73,@CBSNews
127,0.4404,Fri Mar 23 10:30:10 +0000 2018,0.664,0.108,0.228,72,@CBSNews
128,0.0,Fri Mar 23 10:30:10 +0000 2018,1.0,0.0,0.0,71,@CBSNews
129,0.128,Fri Mar 23 10:30:10 +0000 2018,0.688,0.126,0.186,70,@CBSNews
130,-0.8658,Fri Mar 23 10:30:10 +0000 2018,0.697,0.303,0.0,69,@CBSNews
131,0.0,Fri Mar 23 10:30:10 +0000 2018,1.0,0.0,0.0,68,@CBSNews
132,-0.1531,Fri Mar 23 10:30:10 +0000 2018,0.781,0.121,0.098,67,@CBSNews
133,0.0,Fri Mar 23 10:30:10 +0000 2018,1.0,0.0,0.0,66,@CBSNews
134,0.3182,Fri Mar 23 10:30:10 +0000 2018,0.897,0.0,0.103,65,@CBSNews
135,-0.4939,Fri Mar 23 10:30:10 +0000 2018,0.802,0.198,0.0,64,@CBSNews
136,0.0,Fri Mar 23 10:30:10 +0000 2018,1.0,0.0,0.0,63,@CBSNews
137,0.0,Fri Mar 23 10:30:10 +0000 2018,1.0,0.0,0.0,62,@CBSNews
138,-0.34,Fri Mar 23 10:30:10 +0000 2018,0.888,0.112,0.0,61,@CBSNews
139,0.4215,Fri Mar 23 10:30:10 +0000 2018,0.708,0.084,0.208,60,@CBSNews
140,0.4404,Fri Mar 23 10:30:10 +0000 2018,0.888,0.0,0.112,59,@CBSNews
141,-0.0516,Fri Mar 23 10:30:10 +0000 2018,0.696,0.157,0.148,58,@CBSNews
142,0.0,Fri Mar 23 10:30:10 +0000 2018,1.0,0.0,0.0,57,@CBSNews
143,0.0,Fri Mar 23 10:30:10 +0000 2018,1.0,0.0,0.0,56,@CBSNews
144,-0.7964,Fri Mar 23 10:30:10 +0000 2018,0.728,0.272,0.0,55,@CBSNews
145,-0.3919,Fri Mar 23 10:30:10 +0000 2018,0.71,0.178,0.112,54,@CBSNews
146,-0.8271,Fri Mar 23 10:30:10 +0000 2018,0.686,0.314,0.0,53,@CBSNews
147,0.3182,Fri Mar 23 10:30:10 +0000 2018,0.887,0.0,0.113,52,@CBSNews
148,0.0,Fri Mar 23 10:30:10 +0000 2018,1.0,0.0,0.0,51,@CBSNews
149,-0.7184,Fri Mar 23 10:30:10 +0000 2018,0.739,0.261,0.0,50,@CBSNews
150,0.6908,Fri Mar 23 10:30:10 +0000 2018,0.508,0.102,0.391,49,@CBSNews
151,0.0,Fri Mar 23 10:30:10 +0000 2018,1.0,0.0,0.0,48,@CBSNews
152,0.0,Fri Mar 23 10:30:10 +0000 2018,1.0,0.0,0.0,47,@CBSNews
153,-0.2617,Fri Mar 23 10:30:10 +0000 2018,0.898,0.102,0.0,46,@CBSNews
154,-0.1272,Fri Mar 23 10:30:10 +0000 2018,0.93,0.07,0.0,45,@CBSNews
155,-0.7774,Fri Mar 23 10:30:10 +0000 2018,0.715,0.285,0.0,44,@CBSNews
156,0.0258,Fri Mar 23 10:30:10 +0000 2018,0.948,0.0,0.052,43,@CBSNews
157,0.3612,Fri Mar 23 10:30:10 +0000 2018,0.898,0.0,0.102,42,@CBSNews
158,0.3612,Fri Mar 23 10:30:10 +0000 2018,0.829,0.0,0.171,41,@CBSNews
159,0.4404,Fri Mar 23 10:30:10 +0000 2018,0.868,0.0,0.132,40,@CBSNews
160,-0.4357,Fri Mar 23 10:30:10 +0000 2018,0.88,0.12,0.0,39,@CBSNews
161,0.0085,Fri Mar 23 10:30:10 +0000 2018,0.701,0.149,0.15,38,@CBSNews
162,-0.5267,Fri Mar 23 10:30:10 +0000 2018,0.848,0.152,0.0,37,@CBSNews
163,0.0,Fri Mar 23 10:30:10 +0000 2018,1.0,0.0,0.0,36,@CBSNews
164,-0.7003,Fri Mar 23 10:30:10 +0000 2018,0.756,0.244,0.0,35,@CBSNews
165,0.4215,Fri Mar 23 10:30:10 +0000 2018,0.833,0.0,0.167,34,@CBSNews
166,-0.4588,Fri Mar 23 10:30:10 +0000 2018,0.789,0.211,0.0,33,@CBSNews
167,-0.6808,Fri Mar 23 10:30:10 +0000 2018,0.606,0.303,0.091,32,@CBSNews
168,-0.2263,Fri Mar 23 10:30:10 +0000 2018,0.881,0.119,0.0,31,@CBSNews
169,0.0,Fri Mar 23 10:30:10 +0000 2018,1.0,0.0,0.0,30,@CBSNews
170,0.0,Fri Mar 23 10:30:10 +0000 2018,1.0,0.0,0.0,29,@CBSNews
171,-0.1027,Fri Mar 23 10:30:10 +0000 2018,0.928,0.072,0.0,28,@CBSNews
172,0.0,Fri Mar 23 10:30:10 +0000 2018,1.0,0.0,0.0,27,@CBSNews
173,-0.6597,Fri Mar 23 10:30:10 +0000 2018,0.63,0.248,0.122,26,@CBSNews
174,-0.4215,Fri Mar 23 10:30:10 +0000 2018,0.859,0.141,0.0,25,@CBSNews
175,-0.4404,Fri Mar 23 10:30:10 +0000 2018,0.83,0.17,0.0,24,@CBSNews
176,0.0,Fri Mar 23 10:30:10 +0000 2018,1.0,0.0,0.0,23,@CBSNews
177,-0.6486,Fri Mar 23 10:30:10 +0000 2018,0.815,0.185,0.0,22,@CBSNews
178,0.0,Fri Mar 23 10:30:10 +0000 2018,1.0,0.0,0.0,21,@CBSNews
179,0.0,Fri Mar 23 10:30:10 +0000 2018,1.0,0.0,0.0,20,@CBSNews
180,-0.6705,Fri Mar 23 10:30:10 +0000 2018,0.809,0.191,0.0,19,@CBSNews
181,-0.8316,Fri Mar 23 10:30:10 +0000 2018,0.614,0.386,0.0,18,@CBSNews
182,-0.3182,Fri Mar 23 10:30:10 +0000 2018,0.897,0.103,0.0,17,@CBSNews
183,-0.6705,Fri Mar 23 10:30:10 +0000 2018,0.83,0.17,0.0,16,@CBSNews
184,0.0,Fri Mar 23 10:30:10 +0000 2018,1.0,0.0,0.0,15,@CBSNews
185,0.0,Fri Mar 23 10:30:10 +0000 2018,1.0,0.0,0.0,14,@CBSNews
186,0.5023,Fri Mar 23 10:30:10 +0000 2018,0.86,0.0,0.14,13,@CBSNews
187,-0.296,Fri Mar 23 10:30:10 +0000 2018,0.891,0.109,0.0,12,@CBSNews
188,0.2617,Fri Mar 23 10:30:10 +0000 2018,0.915,0.0,0.085,11,@CBSNews
189,-0.6597,Fri Mar 23 10:30:10 +0000 2018,0.759,0.241,0.0,10,@CBSNews
190,0.4019,Fri Mar 23 10:30:10 +0000 2018,0.881,0.0,0.119,9,@CBSNews
191,0.0972,Fri Mar 23 10:30:10 +0000 2018,0.77,0.107,0.123,8,@CBSNews
192,-0.34,Fri Mar 23 10:30:10 +0000 2018,0.882,0.118,0.0,7,@CBSNews
193,-0.3384,Fri Mar 23 10:30:10 +0000 2018,0.748,0.149,0.102,6,@CBSNews
194,0.0,Fri Mar 23 10:30:10 +0000 2018,1.0,0.0,0.0,5,@CBSNews
195,0.34,Fri Mar 23 10:30:10 +0000 2018,0.862,0.0,0.138,4,@CBSNews
196,-0.872,Fri Mar 23 10:30:10 +0000 2018,0.618,0.382,0.0,3,@CBSNews
197,0.0,Fri Mar 23 10:30:10 +0000 2018,1.0,0.0,0.0,2,@CBSNews
198,-0.5994,Fri Mar 23 10:30:10 +0000 2018,0.849,0.151,0.0,1,@CBSNews
199,0.34,Fri Mar 23 10:30:10 +0000 2018,0.876,0.0,0.124,0,@CBSNews
200,0.0,Fri Mar 23 10:30:10 +0000 2018,1.0,0.0,0.0,99,@CNN
201,-0.6597,Fri Mar 23 10:30:10 +0000 2018,0.773,0.227,0.0,98,@CNN
202,0.0,Fri Mar 23 10:30:10 +0000 2018,1.0,0.0,0.0,97,@CNN
203,0.0,Fri Mar 23 10:30:10 +0000 2018,1.0,0.0,0.0,96,@CNN
204,-0.2732,Fri Mar 23 10:30:10 +0000 2018,0.916,0.084,0.0,95,@CNN
205,0.2755,Fri Mar 23 10:30:10 +0000 2018,0.905,0.0,0.095,94,@CNN
206,0.0,Fri Mar 23 10:30:10 +0000 2018,1.0,0.0,0.0,93,@CNN
207,0.2846,Fri Mar 23 10:30:10 +0000 2018,0.634,0.15,0.216,92,@CNN
208,0.0,Fri Mar 23 10:30:10 +0000 2018,1.0,0.0,0.0,91,@CNN
209,0.0,Fri Mar 23 10:30:10 +0000 2018,1.0,0.0,0.0,90,@CNN
210,-0.7096,Fri Mar 23 10:30:10 +0000 2018,0.763,0.237,0.0,89,@CNN
211,-0.5574,Fri Mar 23 10:30:10 +0000 2018,0.833,0.167,0.0,88,@CNN
212,0.3182,Fri Mar 23 10:30:10 +0000 2018,0.881,0.0,0.119,87,@CNN
213,0.7096,Fri Mar 23 10:30:10 +0000 2018,0.642,0.087,0.272,86,@CNN
214,-0.1796,Fri Mar 23 10:30:10 +0000 2018,0.693,0.169,0.138,85,@CNN
215,0.128,Fri Mar 23 10:30:10 +0000 2018,0.919,0.0,0.081,84,@CNN
216,-0.5423,Fri Mar 23 10:30:10 +0000 2018,0.8,0.2,0.0,83,@CNN
217,0.0,Fri Mar 23 10:30:10 +0000 2018,1.0,0.0,0.0,82,@CNN
218,0.0,Fri Mar 23 10:30:10 +0000 2018,0.769,0.115,0.115,81,@CNN
219,0.0,Fri Mar 23 10:30:10 +0000 2018,1.0,0.0,0.0,80,@CNN
220,-0.5574,Fri Mar 23 10:30:10 +0000 2018,0.847,0.153,0.0,79,@CNN
221,-0.5574,Fri Mar 23 10:30:10 +0000 2018,0.833,0.167,0.0,78,@CNN
222,0.743,Fri Mar 23 10:30:10 +0000 2018,0.76,0.0,0.24,77,@CNN
223,-0.3818,Fri Mar 23 10:30:10 +0000 2018,0.86,0.14,0.0,76,@CNN
224,-0.2732,Fri Mar 23 10:30:10 +0000 2018,0.9,0.1,0.0,75,@CNN
225,-0.5719,Fri Mar 23 10:30:10 +0000 2018,0.793,0.207,0.0,74,@CNN
226,-0.2732,Fri Mar 23 10:30:10 +0000 2018,0.913,0.087,0.0,73,@CNN
227,0.0772,Fri Mar 23 10:30:10 +0000 2018,0.796,0.095,0.109,72,@CNN
228,0.128,Fri Mar 23 10:30:10 +0000 2018,0.742,0.096,0.162,71,@CNN
229,-0.0644,Fri Mar 23 10:30:10 +0000 2018,0.95,0.05,0.0,70,@CNN
230,-0.765,Fri Mar 23 10:30:10 +0000 2018,0.752,0.248,0.0,69,@CNN
231,0.0,Fri Mar 23 10:30:10 +0000 2018,1.0,0.0,0.0,68,@CNN
232,-0.5574,Fri Mar 23 10:30:10 +0000 2018,0.841,0.159,0.0,67,@CNN
233,-0.0572,Fri Mar 23 10:30:10 +0000 2018,0.94,0.06,0.0,66,@CNN
234,0.743,Fri Mar 23 10:30:10 +0000 2018,0.717,0.0,0.283,65,@CNN
235,0.0,Fri Mar 23 10:30:10 +0000 2018,1.0,0.0,0.0,64,@CNN
236,0.0,Fri Mar 23 10:30:10 +0000 2018,1.0,0.0,0.0,63,@CNN
237,0.4767,Fri Mar 23 10:30:10 +0000 2018,0.779,0.065,0.156,62,@CNN
238,-0.34,Fri Mar 23 10:30:10 +0000 2018,0.806,0.194,0.0,61,@CNN
239,0.4019,Fri Mar 23 10:30:10 +0000 2018,0.764,0.0,0.236,60,@CNN
240,0.4019,Fri Mar 23 10:30:10 +0000 2018,0.829,0.0,0.171,59,@CNN
241,0.0379,Fri Mar 23 10:30:10 +0000 2018,0.857,0.068,0.075,58,@CNN
242,0.0,Fri Mar 23 10:30:10 +0000 2018,1.0,0.0,0.0,57,@CNN
243,0.128,Fri Mar 23 10:30:10 +0000 2018,0.742,0.096,0.162,56,@CNN
244,0.4019,Fri Mar 23 10:30:10 +0000 2018,0.821,0.0,0.179,55,@CNN
245,0.0772,Fri Mar 23 10:30:10 +0000 2018,0.925,0.0,0.075,54,@CNN
246,0.0,Fri Mar 23 10:30:10 +0000 2018,1.0,0.0,0.0,53,@CNN
247,0.4019,Fri Mar 23 10:30:10 +0000 2018,0.812,0.0,0.188,52,@CNN
248,-0.5994,Fri Mar 23 10:30:10 +0000 2018,0.849,0.151,0.0,51,@CNN
249,0.0772,Fri Mar 23 10:30:10 +0000 2018,0.949,0.0,0.051,50,@CNN
250,0.0,Fri Mar 23 10:30:10 +0000 2018,1.0,0.0,0.0,49,@CNN
251,0.0,Fri Mar 23 10:30:10 +0000 2018,1.0,0.0,0.0,48,@CNN
252,0.0,Fri Mar 23 10:30:10 +0000 2018,1.0,0.0,0.0,47,@CNN
253,0.0,Fri Mar 23 10:30:10 +0000 2018,1.0,0.0,0.0,46,@CNN
254,-0.2023,Fri Mar 23 10:30:10 +0000 2018,0.697,0.168,0.135,45,@CNN
255,0.34,Fri Mar 23 10:30:10 +0000 2018,0.876,0.0,0.124,44,@CNN
256,0.3612,Fri Mar 23 10:30:10 +0000 2018,0.902,0.0,0.098,43,@CNN
257,0.0,Fri Mar 23 10:30:10 +0000 2018,1.0,0.0,0.0,42,@CNN
258,0.0,Fri Mar 23 10:30:10 +0000 2018,1.0,0.0,0.0,41,@CNN
259,0.0,Fri Mar 23 10:30:10 +0000 2018,1.0,0.0,0.0,40,@CNN
260,0.0,Fri Mar 23 10:30:10 +0000 2018,0.747,0.126,0.126,39,@CNN
261,0.5423,Fri Mar 23 10:30:10 +0000 2018,0.816,0.0,0.184,38,@CNN
262,-0.0516,Fri Mar 23 10:30:10 +0000 2018,0.796,0.106,0.097,37,@CNN
263,0.296,Fri Mar 23 10:30:10 +0000 2018,0.896,0.0,0.104,36,@CNN
264,0.4019,Fri Mar 23 10:30:10 +0000 2018,0.829,0.0,0.171,35,@CNN
265,-0.6486,Fri Mar 23 10:30:10 +0000 2018,0.777,0.223,0.0,34,@CNN
266,-0.4215,Fri Mar 23 10:30:10 +0000 2018,0.877,0.123,0.0,33,@CNN
267,0.7717,Fri Mar 23 10:30:10 +0000 2018,0.705,0.0,0.295,32,@CNN
268,-0.0772,Fri Mar 23 10:30:10 +0000 2018,0.769,0.121,0.109,31,@CNN
269,0.4019,Fri Mar 23 10:30:10 +0000 2018,0.85,0.0,0.15,30,@CNN
270,-0.34,Fri Mar 23 10:30:10 +0000 2018,0.882,0.118,0.0,29,@CNN
271,0.0,Fri Mar 23 10:30:10 +0000 2018,1.0,0.0,0.0,28,@CNN
272,0.0,Fri Mar 23 10:30:10 +0000 2018,1.0,0.0,0.0,27,@CNN
273,0.0,Fri Mar 23 10:30:10 +0000 2018,1.0,0.0,0.0,26,@CNN
274,-0.9432,Fri Mar 23 10:30:10 +0000 2018,0.423,0.577,0.0,25,@CNN
275,-0.6597,Fri Mar 23 10:30:10 +0000 2018,0.773,0.227,0.0,24,@CNN
276,-0.7713,Fri Mar 23 10:30:10 +0000 2018,0.712,0.288,0.0,23,@CNN
277,-0.0772,Fri Mar 23 10:30:10 +0000 2018,0.915,0.085,0.0,22,@CNN
278,-0.4404,Fri Mar 23 10:30:10 +0000 2018,0.861,0.139,0.0,21,@CNN
279,0.0,Fri Mar 23 10:30:10 +0000 2018,1.0,0.0,0.0,20,@CNN
280,0.128,Fri Mar 23 10:30:10 +0000 2018,0.763,0.088,0.149,19,@CNN
281,0.4215,Fri Mar 23 10:30:10 +0000 2018,0.877,0.0,0.123,18,@CNN
282,-0.8519,Fri Mar 23 10:30:10 +0000 2018,0.659,0.341,0.0,17,@CNN
283,0.4404,Fri Mar 23 10:30:10 +0000 2018,0.847,0.0,0.153,16,@CNN
284,-0.802,Fri Mar 23 10:30:10 +0000 2018,0.725,0.275,0.0,15,@CNN
285,0.0,Fri Mar 23 10:30:10 +0000 2018,1.0,0.0,0.0,14,@CNN
286,0.4767,Fri Mar 23 10:30:10 +0000 2018,0.796,0.0,0.204,13,@CNN
287,-0.5106,Fri Mar 23 10:30:10 +0000 2018,0.732,0.268,0.0,12,@CNN
288,0.0,Fri Mar 23 10:30:10 +0000 2018,1.0,0.0,0.0,11,@CNN
289,0.0,Fri Mar 23 10:30:10 +0000 2018,1.0,0.0,0.0,10,@CNN
290,-0.6597,Fri Mar 23 10:30:10 +0000 2018,0.761,0.239,0.0,9,@CNN
291,0.5106,Fri Mar 23 10:30:10 +0000 2018,0.87,0.0,0.13,8,@CNN
292,0.128,Fri Mar 23 10:30:10 +0000 2018,0.923,0.0,0.077,7,@CNN
293,0.5267,Fri Mar 23 10:30:10 +0000 2018,0.815,0.0,0.185,6,@CNN
294,0.0,Fri Mar 23 10:30:10 +0000 2018,1.0,0.0,0.0,5,@CNN
295,-0.6705,Fri Mar 23 10:30:10 +0000 2018,0.816,0.184,0.0,4,@CNN
296,0.0,Fri Mar 23 10:30:10 +0000 2018,1.0,0.0,0.0,3,@CNN
297,0.0,Fri Mar 23 10:30:10 +0000 2018,1.0,0.0,0.0,2,@CNN
298,-0.659,Fri Mar 23 10:30:10 +0000 2018,0.779,0.221,0.0,1,@CNN
299,0.0,Fri Mar 23 10:30:10 +0000 2018,1.0,0.0,0.0,0,@CNN
300,0.0,Fri Mar 23 10:30:10 +0000 2018,1.0,0.0,0.0,99,@FoxNews
301,0.0,Fri Mar 23 10:30:10 +0000 2018,1.0,0.0,0.0,98,@FoxNews
302,0.4019,Fri Mar 23 10:30:10 +0000 2018,0.876,0.0,0.124,97,@FoxNews
303,0.7003,Fri Mar 23 10:30:10 +0000 2018,0.655,0.0,0.345,96,@FoxNews
304,-0.628,Fri Mar 23 10:30:10 +0000 2018,0.772,0.228,0.0,95,@FoxNews
305,0.0,Fri Mar 23 10:30:10 +0000 2018,1.0,0.0,0.0,94,@FoxNews
306,0.4019,Fri Mar 23 10:30:10 +0000 2018,0.87,0.0,0.13,93,@FoxNews
307,-0.34,Fri Mar 23 10:30:10 +0000 2018,0.888,0.112,0.0,92,@FoxNews
308,0.0,Fri Mar 23 10:30:10 +0000 2018,1.0,0.0,0.0,91,@FoxNews
309,0.0,Fri Mar 23 10:30:10 +0000 2018,1.0,0.0,0.0,90,@FoxNews
310,-0.34,Fri Mar 23 10:30:10 +0000 2018,0.876,0.124,0.0,89,@FoxNews
311,0.0,Fri Mar 23 10:30:10 +0000 2018,1.0,0.0,0.0,88,@FoxNews
312,0.3182,Fri Mar 23 10:30:10 +0000 2018,0.881,0.0,0.119,87,@FoxNews
313,-0.4404,Fri Mar 23 10:30:10 +0000 2018,0.791,0.209,0.0,86,@FoxNews
314,-0.5574,Fri Mar 23 10:30:10 +0000 2018,0.816,0.184,0.0,85,@FoxNews
315,0.0,Fri Mar 23 10:30:10 +0000 2018,1.0,0.0,0.0,84,@FoxNews
316,0.34,Fri Mar 23 10:30:10 +0000 2018,0.769,0.0,0.231,83,@FoxNews
317,-0.1779,Fri Mar 23 10:30:10 +0000 2018,0.585,0.228,0.187,82,@FoxNews
318,0.3818,Fri Mar 23 10:30:10 +0000 2018,0.809,0.0,0.191,81,@FoxNews
319,0.0,Fri Mar 23 10:30:10 +0000 2018,1.0,0.0,0.0,80,@FoxNews
320,0.6597,Fri Mar 23 10:30:10 +0000 2018,0.748,0.0,0.252,79,@FoxNews
321,-0.4939,Fri Mar 23 10:30:10 +0000 2018,0.802,0.198,0.0,78,@FoxNews
322,-0.2263,Fri Mar 23 10:30:10 +0000 2018,0.872,0.128,0.0,77,@FoxNews
323,-0.5106,Fri Mar 23 10:30:10 +0000 2018,0.858,0.142,0.0,76,@FoxNews
324,-0.5106,Fri Mar 23 10:30:10 +0000 2018,0.852,0.148,0.0,75,@FoxNews
325,0.4215,Fri Mar 23 10:30:10 +0000 2018,0.843,0.0,0.157,74,@FoxNews
326,-0.836,Fri Mar 23 10:30:10 +0000 2018,0.503,0.497,0.0,73,@FoxNews
327,0.765,Fri Mar 23 10:30:10 +0000 2018,0.708,0.0,0.292,72,@FoxNews
328,-0.34,Fri Mar 23 10:30:10 +0000 2018,0.888,0.112,0.0,71,@FoxNews
329,-0.5574,Fri Mar 23 10:30:10 +0000 2018,0.806,0.194,0.0,70,@FoxNews
330,0.0,Fri Mar 23 10:30:10 +0000 2018,1.0,0.0,0.0,69,@FoxNews
331,0.0,Fri Mar 23 10:30:10 +0000 2018,1.0,0.0,0.0,68,@FoxNews
332,0.0,Fri Mar 23 10:30:10 +0000 2018,1.0,0.0,0.0,67,@FoxNews
333,0.6249,Fri Mar 23 10:30:10 +0000 2018,0.806,0.0,0.194,66,@FoxNews
334,0.4019,Fri Mar 23 10:30:10 +0000 2018,0.722,0.0,0.278,65,@FoxNews
335,-0.3182,Fri Mar 23 10:30:10 +0000 2018,0.874,0.126,0.0,64,@FoxNews
336,0.0,Fri Mar 23 10:30:10 +0000 2018,1.0,0.0,0.0,63,@FoxNews
337,-0.4588,Fri Mar 23 10:30:10 +0000 2018,0.812,0.188,0.0,62,@FoxNews
338,0.5859,Fri Mar 23 10:30:10 +0000 2018,0.789,0.0,0.211,61,@FoxNews
339,0.4995,Fri Mar 23 10:30:10 +0000 2018,0.867,0.0,0.133,60,@FoxNews
340,-0.6249,Fri Mar 23 10:30:10 +0000 2018,0.627,0.267,0.106,59,@FoxNews
341,-0.34,Fri Mar 23 10:30:10 +0000 2018,0.844,0.156,0.0,58,@FoxNews
342,0.0,Fri Mar 23 10:30:10 +0000 2018,1.0,0.0,0.0,57,@FoxNews
343,0.4404,Fri Mar 23 10:30:10 +0000 2018,0.634,0.112,0.254,56,@FoxNews
344,0.0,Fri Mar 23 10:30:10 +0000 2018,1.0,0.0,0.0,55,@FoxNews
345,0.0,Fri Mar 23 10:30:10 +0000 2018,1.0,0.0,0.0,54,@FoxNews
346,-0.4588,Fri Mar 23 10:30:10 +0000 2018,0.812,0.188,0.0,53,@FoxNews
347,0.0,Fri Mar 23 10:30:10 +0000 2018,1.0,0.0,0.0,52,@FoxNews
348,0.0,Fri Mar 23 10:30:10 +0000 2018,1.0,0.0,0.0,51,@FoxNews
349,0.0,Fri Mar 23 10:30:10 +0000 2018,1.0,0.0,0.0,50,@FoxNews
350,0.0,Fri Mar 23 10:30:10 +0000 2018,1.0,0.0,0.0,49,@FoxNews
351,-0.4019,Fri Mar 23 10:30:10 +0000 2018,0.876,0.124,0.0,48,@FoxNews
352,-0.5267,Fri Mar 23 10:30:10 +0000 2018,0.833,0.167,0.0,47,@FoxNews
353,-0.5267,Fri Mar 23 10:30:10 +0000 2018,0.841,0.159,0.0,46,@FoxNews
354,0.34,Fri Mar 23 10:30:10 +0000 2018,0.769,0.0,0.231,45,@FoxNews
355,0.0,Fri Mar 23 10:30:10 +0000 2018,1.0,0.0,0.0,44,@FoxNews
356,0.0,Fri Mar 23 10:30:10 +0000 2018,1.0,0.0,0.0,43,@FoxNews
357,0.5574,Fri Mar 23 10:30:10 +0000 2018,0.647,0.071,0.282,42,@FoxNews
358,-0.8225,Fri Mar 23 10:30:10 +0000 2018,0.664,0.336,0.0,41,@FoxNews
359,0.4168,Fri Mar 23 10:30:10 +0000 2018,0.844,0.0,0.156,40,@FoxNews
360,-0.4767,Fri Mar 23 10:30:10 +0000 2018,0.795,0.205,0.0,39,@FoxNews
361,0.0,Fri Mar 23 10:30:10 +0000 2018,1.0,0.0,0.0,38,@FoxNews
362,-0.1027,Fri Mar 23 10:30:10 +0000 2018,0.92,0.08,0.0,37,@FoxNews
363,-0.4404,Fri Mar 23 10:30:10 +0000 2018,0.828,0.172,0.0,36,@FoxNews
364,0.0,Fri Mar 23 10:30:10 +0000 2018,1.0,0.0,0.0,35,@FoxNews
365,0.3182,Fri Mar 23 10:30:10 +0000 2018,0.777,0.0,0.223,34,@FoxNews
366,-0.4588,Fri Mar 23 10:30:10 +0000 2018,0.678,0.225,0.097,33,@FoxNews
367,0.0,Fri Mar 23 10:30:10 +0000 2018,1.0,0.0,0.0,32,@FoxNews
368,0.0,Fri Mar 23 10:30:10 +0000 2018,1.0,0.0,0.0,31,@FoxNews
369,0.0,Fri Mar 23 10:30:10 +0000 2018,1.0,0.0,0.0,30,@FoxNews
370,0.539,Fri Mar 23 10:30:10 +0000 2018,0.845,0.0,0.155,29,@FoxNews
371,0.5994,Fri Mar 23 10:30:10 +0000 2018,0.786,0.0,0.214,28,@FoxNews
372,-0.4767,Fri Mar 23 10:30:10 +0000 2018,0.853,0.147,0.0,27,@FoxNews
373,0.0,Fri Mar 23 10:30:10 +0000 2018,1.0,0.0,0.0,26,@FoxNews
374,-0.9062,Fri Mar 23 10:30:10 +0000 2018,0.553,0.447,0.0,25,@FoxNews
375,0.7003,Fri Mar 23 10:30:10 +0000 2018,0.655,0.0,0.345,24,@FoxNews
376,0.4019,Fri Mar 23 10:30:10 +0000 2018,0.787,0.0,0.213,23,@FoxNews
377,0.0,Fri Mar 23 10:30:10 +0000 2018,1.0,0.0,0.0,22,@FoxNews
378,-0.4215,Fri Mar 23 10:30:10 +0000 2018,0.797,0.203,0.0,21,@FoxNews
379,0.0,Fri Mar 23 10:30:10 +0000 2018,1.0,0.0,0.0,20,@FoxNews
380,0.6486,Fri Mar 23 10:30:10 +0000 2018,0.71,0.0,0.29,19,@FoxNews
381,0.0,Fri Mar 23 10:30:10 +0000 2018,1.0,0.0,0.0,18,@FoxNews
382,-0.3182,Fri Mar 23 10:30:10 +0000 2018,0.827,0.173,0.0,17,@FoxNews
383,0.0,Fri Mar 23 10:30:10 +0000 2018,1.0,0.0,0.0,16,@FoxNews
384,0.0,Fri Mar 23 10:30:10 +0000 2018,1.0,0.0,0.0,15,@FoxNews
385,0.0,Fri Mar 23 10:30:10 +0000 2018,1.0,0.0,0.0,14,@FoxNews
386,-0.7579,Fri Mar 23 10:30:10 +0000 2018,0.649,0.351,0.0,13,@FoxNews
387,0.0,Fri Mar 23 10:30:10 +0000 2018,1.0,0.0,0.0,12,@FoxNews
388,0.0,Fri Mar 23 10:30:10 +0000 2018,1.0,0.0,0.0,11,@FoxNews
389,0.0,Fri Mar 23 10:30:10 +0000 2018,1.0,0.0,0.0,10,@FoxNews
390,-0.3182,Fri Mar 23 10:30:10 +0000 2018,0.85,0.15,0.0,9,@FoxNews
391,0.8883,Fri Mar 23 10:30:10 +0000 2018,0.597,0.0,0.403,8,@FoxNews
392,-0.4588,Fri Mar 23 10:30:10 +0000 2018,0.842,0.158,0.0,7,@FoxNews
393,0.0,Fri Mar 23 10:30:10 +0000 2018,1.0,0.0,0.0,6,@FoxNews
394,0.0,Fri Mar 23 10:30:10 +0000 2018,1.0,0.0,0.0,5,@FoxNews
395,0.2263,Fri Mar 23 10:30:10 +0000 2018,0.909,0.0,0.091,4,@FoxNews
396,0.3612,Fri Mar 23 10:30:10 +0000 2018,0.837,0.0,0.163,3,@FoxNews
397,0.0772,Fri Mar 23 10:30:10 +0000 2018,0.942,0.0,0.058,2,@FoxNews
398,0.0772,Fri Mar 23 10:30:10 +0000 2018,0.942,0.0,0.058,1,@FoxNews
399,0.3291,Fri Mar 23 10:30:10 +0000 2018,0.907,0.0,0.093,0,@FoxNews
400,0.1531,Fri Mar 23 10:30:10 +0000 2018,0.748,0.094,0.157,99,@nytimes
401,0.0,Fri Mar 23 10:30:10 +0000 2018,1.0,0.0,0.0,98,@nytimes
402,0.3434,Fri Mar 23 10:30:10 +0000 2018,0.734,0.1,0.165,97,@nytimes
403,-0.4215,Fri Mar 23 10:30:10 +0000 2018,0.859,0.141,0.0,96,@nytimes
404,0.0,Fri Mar 23 10:30:10 +0000 2018,1.0,0.0,0.0,95,@nytimes
405,0.0,Fri Mar 23 10:30:10 +0000 2018,1.0,0.0,0.0,94,@nytimes
406,0.2263,Fri Mar 23 10:30:10 +0000 2018,0.888,0.0,0.112,93,@nytimes
407,0.4019,Fri Mar 23 10:30:10 +0000 2018,0.787,0.0,0.213,92,@nytimes
408,-0.5106,Fri Mar 23 10:30:10 +0000 2018,0.845,0.155,0.0,91,@nytimes
409,0.0,Fri Mar 23 10:30:10 +0000 2018,1.0,0.0,0.0,90,@nytimes
410,0.34,Fri Mar 23 10:30:10 +0000 2018,0.854,0.0,0.146,89,@nytimes
411,-0.5574,Fri Mar 23 10:30:10 +0000 2018,0.746,0.194,0.06,88,@nytimes
412,0.0,Fri Mar 23 10:30:10 +0000 2018,1.0,0.0,0.0,87,@nytimes
413,-0.6597,Fri Mar 23 10:30:10 +0000 2018,0.614,0.386,0.0,86,@nytimes
414,0.6808,Fri Mar 23 10:30:10 +0000 2018,0.65,0.081,0.268,85,@nytimes
415,0.0,Fri Mar 23 10:30:10 +0000 2018,1.0,0.0,0.0,84,@nytimes
416,0.0258,Fri Mar 23 10:30:10 +0000 2018,0.667,0.164,0.169,83,@nytimes
417,-0.3612,Fri Mar 23 10:30:10 +0000 2018,0.848,0.152,0.0,82,@nytimes
418,0.5859,Fri Mar 23 10:30:10 +0000 2018,0.789,0.0,0.211,81,@nytimes
419,0.0,Fri Mar 23 10:30:10 +0000 2018,1.0,0.0,0.0,80,@nytimes
420,0.3612,Fri Mar 23 10:30:10 +0000 2018,0.898,0.0,0.102,79,@nytimes
421,0.0,Fri Mar 23 10:30:10 +0000 2018,1.0,0.0,0.0,78,@nytimes
422,-0.6486,Fri Mar 23 10:30:10 +0000 2018,0.815,0.185,0.0,77,@nytimes
423,0.8555,Fri Mar 23 10:30:10 +0000 2018,0.704,0.0,0.296,76,@nytimes
424,0.5994,Fri Mar 23 10:30:10 +0000 2018,0.83,0.0,0.17,75,@nytimes
425,0.0,Fri Mar 23 10:30:10 +0000 2018,1.0,0.0,0.0,74,@nytimes
426,-0.0772,Fri Mar 23 10:30:10 +0000 2018,0.797,0.088,0.116,73,@nytimes
427,-0.5106,Fri Mar 23 10:30:10 +0000 2018,0.815,0.185,0.0,72,@nytimes
428,0.2023,Fri Mar 23 10:30:10 +0000 2018,0.694,0.122,0.184,71,@nytimes
429,-0.3612,Fri Mar 23 10:30:10 +0000 2018,0.872,0.128,0.0,70,@nytimes
430,0.0,Fri Mar 23 10:30:10 +0000 2018,1.0,0.0,0.0,69,@nytimes
431,0.0,Fri Mar 23 10:30:10 +0000 2018,1.0,0.0,0.0,68,@nytimes
432,-0.7351,Fri Mar 23 10:30:10 +0000 2018,0.772,0.228,0.0,67,@nytimes
433,-0.6705,Fri Mar 23 10:30:10 +0000 2018,0.579,0.297,0.124,66,@nytimes
434,0.0,Fri Mar 23 10:30:10 +0000 2018,1.0,0.0,0.0,65,@nytimes
435,-0.4767,Fri Mar 23 10:30:10 +0000 2018,0.769,0.158,0.073,64,@nytimes
436,0.8126,Fri Mar 23 10:30:10 +0000 2018,0.72,0.0,0.28,63,@nytimes
437,-0.34,Fri Mar 23 10:30:10 +0000 2018,0.728,0.17,0.102,62,@nytimes
438,0.25,Fri Mar 23 10:30:10 +0000 2018,0.756,0.101,0.143,61,@nytimes
439,0.0,Fri Mar 23 10:30:10 +0000 2018,1.0,0.0,0.0,60,@nytimes
440,-0.2023,Fri Mar 23 10:30:10 +0000 2018,0.684,0.197,0.12,59,@nytimes
441,0.0,Fri Mar 23 10:30:10 +0000 2018,1.0,0.0,0.0,58,@nytimes
442,0.0,Fri Mar 23 10:30:10 +0000 2018,1.0,0.0,0.0,57,@nytimes
443,-0.6705,Fri Mar 23 10:30:10 +0000 2018,0.816,0.184,0.0,56,@nytimes
444,-0.6705,Fri Mar 23 10:30:10 +0000 2018,0.83,0.17,0.0,55,@nytimes
445,-0.6705,Fri Mar 23 10:30:10 +0000 2018,0.809,0.191,0.0,54,@nytimes
446,0.5106,Fri Mar 23 10:30:10 +0000 2018,0.837,0.0,0.163,53,@nytimes
447,-0.1531,Fri Mar 23 10:30:10 +0000 2018,0.929,0.071,0.0,52,@nytimes
448,0.5584,Fri Mar 23 10:30:10 +0000 2018,0.752,0.0,0.248,51,@nytimes
449,0.0,Fri Mar 23 10:30:10 +0000 2018,1.0,0.0,0.0,50,@nytimes
450,-0.4767,Fri Mar 23 10:30:10 +0000 2018,0.871,0.129,0.0,49,@nytimes
451,0.5859,Fri Mar 23 10:30:10 +0000 2018,0.84,0.0,0.16,48,@nytimes
452,-0.3818,Fri Mar 23 10:30:10 +0000 2018,0.843,0.157,0.0,47,@nytimes
453,0.3434,Fri Mar 23 10:30:10 +0000 2018,0.734,0.1,0.165,46,@nytimes
454,-0.7096,Fri Mar 23 10:30:10 +0000 2018,0.718,0.282,0.0,45,@nytimes
455,-0.4588,Fri Mar 23 10:30:10 +0000 2018,0.812,0.188,0.0,44,@nytimes
456,-0.1027,Fri Mar 23 10:30:10 +0000 2018,0.931,0.069,0.0,43,@nytimes
457,-0.743,Fri Mar 23 10:30:10 +0000 2018,0.717,0.283,0.0,42,@nytimes
458,-0.743,Fri Mar 23 10:30:10 +0000 2018,0.704,0.296,0.0,41,@nytimes
459,0.6369,Fri Mar 23 10:30:10 +0000 2018,0.781,0.0,0.219,40,@nytimes
460,-0.5267,Fri Mar 23 10:30:10 +0000 2018,0.833,0.167,0.0,39,@nytimes
461,-0.6369,Fri Mar 23 10:30:10 +0000 2018,0.811,0.189,0.0,38,@nytimes
462,0.0,Fri Mar 23 10:30:10 +0000 2018,1.0,0.0,0.0,37,@nytimes
463,-0.8934,Fri Mar 23 10:30:10 +0000 2018,0.614,0.386,0.0,36,@nytimes
464,-0.34,Fri Mar 23 10:30:10 +0000 2018,0.888,0.112,0.0,35,@nytimes
465,0.0,Fri Mar 23 10:30:10 +0000 2018,1.0,0.0,0.0,34,@nytimes
466,0.4215,Fri Mar 23 10:30:10 +0000 2018,0.833,0.0,0.167,33,@nytimes
467,0.0,Fri Mar 23 10:30:10 +0000 2018,1.0,0.0,0.0,32,@nytimes
468,0.0,Fri Mar 23 10:30:10 +0000 2018,1.0,0.0,0.0,31,@nytimes
469,0.4588,Fri Mar 23 10:30:10 +0000 2018,0.85,0.0,0.15,30,@nytimes
470,-0.6705,Fri Mar 23 10:30:10 +0000 2018,0.824,0.176,0.0,29,@nytimes
471,0.0,Fri Mar 23 10:30:10 +0000 2018,1.0,0.0,0.0,28,@nytimes
472,0.34,Fri Mar 23 10:30:10 +0000 2018,0.876,0.0,0.124,27,@nytimes
473,0.3182,Fri Mar 23 10:30:10 +0000 2018,0.859,0.0,0.141,26,@nytimes
474,-0.296,Fri Mar 23 10:30:10 +0000 2018,0.804,0.196,0.0,25,@nytimes
475,-0.5106,Fri Mar 23 10:30:10 +0000 2018,0.815,0.185,0.0,24,@nytimes
476,0.3832,Fri Mar 23 10:30:10 +0000 2018,0.701,0.088,0.21,23,@nytimes
477,0.0,Fri Mar 23 10:30:10 +0000 2018,1.0,0.0,0.0,22,@nytimes
478,0.3612,Fri Mar 23 10:30:10 +0000 2018,0.737,0.0,0.263,21,@nytimes
479,0.0,Fri Mar 23 10:30:10 +0000 2018,1.0,0.0,0.0,20,@nytimes
480,0.7096,Fri Mar 23 10:30:10 +0000 2018,0.742,0.0,0.258,19,@nytimes
481,-0.5267,Fri Mar 23 10:30:10 +0000 2018,0.833,0.167,0.0,18,@nytimes
482,0.0,Fri Mar 23 10:30:10 +0000 2018,1.0,0.0,0.0,17,@nytimes
483,-0.34,Fri Mar 23 10:30:10 +0000 2018,0.893,0.107,0.0,16,@nytimes
484,0.0,Fri Mar 23 10:30:10 +0000 2018,1.0,0.0,0.0,15,@nytimes
485,0.0,Fri Mar 23 10:30:10 +0000 2018,1.0,0.0,0.0,14,@nytimes
486,-0.836,Fri Mar 23 10:30:10 +0000 2018,0.643,0.357,0.0,13,@nytimes
487,-0.6908,Fri Mar 23 10:30:10 +0000 2018,0.802,0.198,0.0,12,@nytimes
488,-0.5994,Fri Mar 23 10:30:10 +0000 2018,0.549,0.329,0.122,11,@nytimes
489,0.0,Fri Mar 23 10:30:10 +0000 2018,1.0,0.0,0.0,10,@nytimes
490,-0.3612,Fri Mar 23 10:30:10 +0000 2018,0.751,0.16,0.089,9,@nytimes
491,-0.5574,Fri Mar 23 10:30:10 +0000 2018,0.841,0.159,0.0,8,@nytimes
492,0.0,Fri Mar 23 10:30:10 +0000 2018,1.0,0.0,0.0,7,@nytimes
493,-0.7579,Fri Mar 23 10:30:10 +0000 2018,0.735,0.265,0.0,6,@nytimes
494,-0.2732,Fri Mar 23 10:30:10 +0000 2018,0.691,0.18,0.129,5,@nytimes
495,0.6369,Fri Mar 23 10:30:10 +0000 2018,0.826,0.0,0.174,4,@nytimes
496,-0.5574,Fri Mar 23 10:30:10 +0000 2018,0.833,0.167,0.0,3,@nytimes
497,-0.0772,Fri Mar 23 10:30:10 +0000 2018,0.796,0.109,0.095,2,@nytimes
498,-0.5267,Fri Mar 23 10:30:10 +0000 2018,0.866,0.134,0.0,1,@nytimes
499,0.0,Fri Mar 23 10:30:10 +0000 2018,1.0,0.0,0.0,0,@nytimes
